District_Name,District_Tamil,Population,Male_Population,Female_Population,Literacy_Rate,Sex_Ratio,Area_SqKm,Density,Urban_Percent,Rural_Percent,Region
Chennai,சென்னை,4646732,2335844,2310888,90.18,989,426,10909,100,0,North
Coimbatore,கோயம்புத்தூர்,3458045,1738153,1719892,84.70,990,7649,452,75.2,24.8,West
Chengalpattu,செங்கல்பட்டு,2556244,1285977,1270267,85.10,988,2944,868,42.3,57.7,North
Cuddalore,கடலூர்,2605914,1315131,1290783,79.57,982,3678,709,28.5,71.5,East
Dharmapuri,தர்மபுரி,1506843,762574,744269,68.54,976,4497,335,18.7,81.3,North
Dindigul,திண்டுக்கல்,2159775,1085794,1073981,76.22,989,6266,345,35.8,64.2,South
Erode,ஈரோடு,2251744,1134115,1117629,73.54,985,5722,393,44.5,55.5,West
Kallakurichi,கள்ளக்குறிச்சி,1370281,689542,680739,72.86,987,3516,390,15.2,84.8,North
Kancheepuram,காஞ்சிபுரம்,3998252,2012847,1985405,87.64,986,4432,902,65.4,34.6,North
Kanniyakumari,கன்னியாகுமரி,1870374,918243,952131,91.75,1037,1672,1119,20.5,79.5,South
Karur,கரூர்,1064493,533654,530839,75.60,995,2901,367,38.9,61.1,Central
Krishnagiri,கிருஷ்ணகிரி,1879809,955264,924545,71.46,968,5143,365,27.8,72.2,North
Madurai,மதுரை,3038252,1524118,1514134,83.45,993,3741,812,58.3,41.7,South
Mayiladuthurai,மயிலாடுதுறை,918356,459178,459178,83.98,1000,1166,788,18.6,81.4,East
Nagapattinam,நாகப்பட்டினம்,1616450,809225,807225,79.81,997,2715,595,21.4,78.6,East
Namakkal,நாமக்கல்,1726601,868421,858180,74.63,988,3369,512,28.5,71.5,Central
Nilgiris,நீலகிரி,735394,369197,366197,85.20,992,2549,288,45.2,54.8,West
Perambalur,பெரம்பலூர்,565223,285612,279611,74.49,979,1752,323,14.8,85.2,Central
Pudukkottai,புதுக்கோட்டை,1618345,811173,807172,77.86,995,4663,347,22.3,77.7,Central
Ramanathapuram,இராமநாதபுரம்,1353445,679723,673722,80.74,991,4123,328,25.6,74.4,South
Ranipet,ராணிப்பேட்டை,1210277,608139,602138,82.43,990,2373,510,38.7,61.3,North
Salem,சேலம்,3482056,1751028,1731028,72.86,989,5245,664,42.5,57.5,Central
Sivagangai,சிவகங்கை,1341251,673626,667625,79.85,991,4189,320,18.9,81.1,South
Tenkasi,தென்காசி,1407627,706814,700813,77.15,992,2188,643,22.8,77.2,South
Thanjavur,தஞ்சாவூர்,2405890,1208945,1196945,82.46,990,3396,708,23.5,76.5,East
Theni,தேனி,1245899,626950,618949,77.26,987,2889,431,24.7,75.3,South
Thoothukudi,தூத்துக்குடி,1750176,879088,871088,86.16,991,4621,379,41.3,58.7,South
Tiruchirappalli,திருச்சிராப்பள்ளி,2722290,1367145,1355145,83.23,992,4404,618,51.2,48.8,Central
Tirunelveli,திருநெல்வேலி,3077233,1545617,1531616,82.50,991,6823,451,39.8,60.2,South
Tirupathur,திருப்பத்தூர்,1111729,560865,550864,75.26,982,2174,511,18.5,81.5,North
Tiruppur,திருப்பூர்,2479052,1249526,1229526,79.22,984,5186,478,62.3,37.7,West
Tiruvallur,திருவள்ளூர்,3728104,1882052,1846052,84.03,981,3422,1089,54.8,45.2,North
Tiruvannamalai,திருவண்ணாமலை,2464875,1241438,1223437,69.55,985,6191,398,19.8,80.2,North
Tiruvarur,திருவாரூர்,1264377,634189,630188,82.86,994,2377,532,15.3,84.7,East
Vellore,வேலூர்,3936331,1978166,1958165,79.17,990,6077,648,48.7,51.3,North
Viluppuram,விழுப்புரம்,2093003,1053502,1039501,79.72,987,7194,291,16.8,83.2,East
Virudhunagar,விருதுநகர்,1942288,975144,967144,80.15,992,4234,459,32.5,67.5,South
Ariyalur,அரியலூர்,754894,380447,374447,74.63,984,1949,387,12.8,87.2,Central